{"body": 0.4512913004557292, "wing": 0.330047607421875, "tail": 0.1304693603515625, "engine": 0.08819173177083334}