{"body": 0.5810623720271549, "wing": 0.2707471832731944, "tail": 0.07845535859842727, "engine": 0.06973508610122342}