{"leg": 0.32889995370370373, "arm": 0.35434881944444446, "back": 0.2699641527777778, "seat": 0.04678707407407407}